rainfall_24h,rainfall_72h,slope,soil_moisture,historical_landslides,crack_reports,elevation,land_cover,landslide_occurred
37.8,42.3,23.4,25.7,0,0,2257.0,shrubland,0
33.8,74.5,15.7,35.0,0,1,1453.0,forest,1
7.1,18.4,47.9,26.0,8,4,2461.0,forest,1
15.0,27.4,39.5,31.2,3,1,2074.0,shrubland,0
16.2,39.3,9.9,19.2,0,1,626.0,forest,0
121.4,167.3,32.5,45.9,2,3,2741.0,barren,1
93.6,166.3,22.0,42.3,0,0,2227.0,forest,1
8.2,8.2,17.7,21.4,2,1,2287.0,forest,0
38.6,64.0,12.7,36.6,0,1,707.0,settlement,0
113.3,297.9,15.1,71.1,0,0,1481.0,forest,0
84.5,131.6,19.0,49.7,1,0,1290.0,barren,1
86.6,197.7,23.2,52.3,2,1,2624.0,agriculture,0
98.6,219.0,21.5,51.7,0,1,1945.0,forest,0
37.6,48.7,32.0,25.4,0,0,2375.0,agriculture,0
90.0,243.6,23.8,43.7,1,1,1464.0,agriculture,1
27.3,51.0,18.7,37.7,1,1,945.0,agriculture,0
17.8,17.8,15.6,21.4,1,0,1731.0,settlement,0
125.0,191.4,17.4,52.2,0,2,553.0,agriculture,1
38.1,84.5,25.9,37.5,1,0,2386.0,agriculture,0
22.2,46.6,30.3,18.2,2,3,1916.0,forest,0
94.6,221.6,29.3,45.9,4,4,2219.0,agriculture,0
24.8,68.0,10.2,42.1,1,2,1251.0,barren,0
144.2,277.9,32.7,62.4,2,2,2730.0,agriculture,1
0.3,0.3,35.1,15.9,4,0,2543.0,agriculture,0
160.1,414.3,33.9,79.2,6,4,2268.0,shrubland,1
57.7,86.2,14.2,41.2,0,0,867.0,agriculture,0
26.4,71.5,32.0,37.0,0,0,1520.0,barren,1
12.7,12.7,17.9,12.5,0,1,505.0,forest,0
190.0,356.7,12.4,84.4,1,5,770.0,forest,1
12.9,15.1,32.3,29.0,1,0,2039.0,shrubland,0
11.8,29.6,41.6,22.7,6,2,2187.0,shrubland,0
55.2,59.6,47.4,19.5,2,1,2722.0,agriculture,0
4.1,4.1,10.5,29.4,0,1,1182.0,forest,0
19.7,33.8,13.5,29.4,0,1,1289.0,shrubland,0
4.1,4.1,31.7,10.5,1,0,1527.0,agriculture,0
176.1,419.3,8.1,80.7,0,2,855.0,agriculture,1
6.1,6.1,4.9,44.5,0,1,712.0,agriculture,0
21.9,39.7,19.1,26.7,1,2,1542.0,agriculture,0
24.2,27.2,18.7,19.6,1,1,945.0,agriculture,0
3.8,3.8,26.5,13.9,2,1,2008.0,settlement,1
2.6,2.6,17.0,33.8,1,1,1449.0,agriculture,0
28.5,52.1,26.9,33.9,2,1,2398.0,shrubland,0
13.9,39.2,23.3,36.1,1,0,2081.0,agriculture,0
18.9,47.0,12.4,29.8,2,0,1150.0,forest,0
191.1,406.6,46.1,87.0,2,3,2397.0,forest,1
8.4,8.4,32.5,15.3,1,2,2331.0,shrubland,1
15.2,23.9,25.8,25.1,0,0,1330.0,barren,0
206.6,473.9,14.3,91.9,1,2,1092.0,agriculture,1
168.8,381.4,26.2,85.4,0,2,2038.0,forest,1
56.1,128.8,9.1,42.4,0,0,735.0,agriculture,0
19.9,37.2,2.0,22.9,0,0,880.0,forest,0
3.5,3.5,2.0,22.8,0,0,418.0,agriculture,0
8.8,8.8,18.3,10.4,0,0,2289.0,settlement,0
7.1,19.8,12.4,8.0,0,0,1996.0,agriculture,0
13.3,23.5,20.3,30.0,2,0,2092.0,agriculture,0
38.9,95.1,38.5,30.9,6,1,2274.0,forest,0
13.0,40.1,21.5,24.7,1,1,1501.0,shrubland,0
33.3,96.3,33.0,39.8,1,1,1765.0,barren,0
20.9,47.4,16.4,37.7,2,1,736.0,agriculture,0
17.5,18.3,18.2,27.3,0,0,675.0,shrubland,0
82.7,147.5,21.2,55.6,1,0,2004.0,shrubland,1
197.2,316.1,25.5,69.8,4,4,1531.0,forest,1
6.7,35.6,29.2,27.5,1,0,1757.0,forest,0
53.3,107.6,25.8,37.7,1,0,2236.0,forest,0
11.6,22.8,29.9,14.5,4,0,1923.0,shrubland,0
10.9,28.1,27.9,31.1,1,2,1729.0,barren,0
42.5,77.2,20.8,14.8,3,1,1742.0,shrubland,0
17.9,17.9,10.6,19.9,2,2,1129.0,forest,0
67.2,187.3,3.3,49.1,0,2,474.0,forest,0
35.4,71.1,21.8,25.5,3,0,1448.0,forest,0
25.8,44.6,17.8,24.2,1,1,915.0,settlement,0
25.4,53.7,15.4,41.7,1,0,1380.0,shrubland,0
3.3,3.3,31.9,28.3,0,0,2448.0,settlement,0
110.8,161.7,19.8,39.5,0,1,961.0,settlement,1
52.7,114.9,15.7,34.4,1,0,540.0,forest,0
30.0,70.8,27.4,21.7,0,0,1075.0,agriculture,0
6.8,24.3,25.9,28.9,2,0,1105.0,barren,0
37.6,89.8,20.4,32.0,0,0,1989.0,shrubland,0
13.3,21.5,35.2,9.2,4,0,1737.0,forest,0
69.5,161.0,26.6,44.5,1,1,2281.0,barren,0
93.2,195.5,33.8,51.4,2,1,1994.0,barren,1
54.3,141.6,20.9,48.0,0,1,1375.0,shrubland,0
6.6,19.4,28.1,22.6,1,1,2354.0,shrubland,0
15.2,36.0,2.7,24.5,0,0,801.0,forest,0
26.7,48.1,9.7,42.3,0,0,455.0,settlement,0
39.1,50.6,2.3,29.2,0,0,616.0,shrubland,0
156.6,209.2,34.7,55.3,5,5,2134.0,forest,0
8.7,15.6,31.7,18.6,4,0,1509.0,agriculture,1
84.9,136.0,9.1,46.0,0,1,787.0,barren,1
84.3,168.8,24.8,34.8,3,0,1603.0,settlement,1
21.3,36.5,9.3,23.5,1,0,766.0,forest,0
17.2,33.5,23.7,17.0,4,1,2071.0,forest,0
26.4,41.3,26.5,22.2,1,0,1471.0,barren,0
38.4,71.6,19.6,40.0,0,0,1314.0,barren,0
53.9,141.3,29.1,36.5,3,2,1124.0,shrubland,1
69.0,150.9,23.0,47.5,1,0,1913.0,agriculture,0
147.2,252.1,25.8,67.6,2,1,1268.0,shrubland,0
54.9,91.7,13.1,34.3,1,0,610.0,shrubland,0
149.3,307.1,18.4,72.4,0,2,683.0,forest,1
91.9,240.0,31.6,58.6,3,3,2709.0,forest,0
137.0,276.0,32.8,60.9,4,3,2581.0,forest,1
118.3,259.7,27.1,63.3,0,1,2079.0,settlement,1
55.1,130.6,11.5,53.1,0,1,1038.0,forest,0
226.1,321.2,39.0,61.8,3,1,2726.0,forest,1
156.9,315.8,34.1,59.0,2,1,2269.0,shrubland,0
30.0,30.0,32.2,17.3,3,2,2121.0,forest,0
33.6,94.7,31.6,40.8,1,1,1478.0,forest,0
53.7,97.2,26.5,42.4,3,1,1053.0,agriculture,0
148.0,404.2,10.2,76.2,1,1,631.0,shrubland,1
52.2,94.8,35.4,18.7,3,2,2566.0,agriculture,0
193.6,286.5,17.7,57.8,0,1,1494.0,barren,1
50.7,124.6,15.5,43.0,1,2,886.0,forest,0
225.7,500.0,14.0,93.2,1,4,1134.0,barren,1
14.5,36.8,35.4,26.5,2,4,1790.0,barren,0
64.8,139.4,17.0,37.5,0,0,824.0,settlement,0
37.6,82.3,30.4,39.2,4,0,2456.0,agriculture,0
123.6,268.2,37.1,61.1,5,3,2220.0,agriculture,1
214.6,284.9,14.3,66.6,0,0,2127.0,agriculture,0
77.1,87.6,8.0,35.3,0,0,1437.0,agriculture,0
47.1,130.4,31.2,42.7,2,1,1906.0,forest,0
18.9,45.4,25.4,30.3,0,0,1802.0,barren,0
216.7,352.9,28.3,65.0,0,0,1960.0,agriculture,1
10.9,11.1,3.7,26.0,0,0,603.0,settlement,0
42.4,104.5,20.6,41.5,0,1,1398.0,shrubland,0
41.9,56.6,24.3,36.8,0,0,500.0,forest,0
58.9,103.4,28.0,38.2,3,0,1586.0,shrubland,0
25.8,47.7,19.6,21.0,1,0,1192.0,shrubland,0
1.6,1.6,11.0,15.9,0,0,747.0,shrubland,0
213.5,382.9,10.3,73.9,0,0,648.0,forest,1
71.6,189.8,11.2,50.2,0,0,1810.0,forest,0
15.9,22.3,16.2,23.4,0,0,809.0,shrubland,0
72.3,147.3,39.1,33.2,6,2,2620.0,shrubland,1
17.9,25.5,14.6,16.9,0,0,1795.0,barren,0
159.4,332.9,14.7,54.7,0,2,1232.0,forest,0
19.7,27.5,17.6,8.0,0,0,1818.0,forest,0
20.7,33.8,4.5,25.7,0,2,455.0,forest,0
6.8,6.8,34.8,37.1,1,0,2701.0,shrubland,1
76.9,167.7,8.8,58.4,1,2,1558.0,shrubland,0
53.3,148.2,34.0,34.6,5,0,2279.0,agriculture,0
48.4,109.6,17.2,37.9,1,1,599.0,barren,0
57.5,146.1,20.9,31.7,4,2,1568.0,forest,0
7.1,38.9,6.5,18.1,2,0,1578.0,agriculture,0
25.8,62.8,27.4,21.1,1,1,2651.0,forest,0
7.3,7.8,32.7,19.6,1,1,1772.0,forest,1
132.3,220.0,4.1,52.4,0,0,1536.0,shrubland,0
21.4,54.1,14.7,30.7,0,0,1041.0,forest,0
159.7,268.1,10.9,64.9,0,0,1196.0,agriculture,0
4.8,4.8,28.6,18.6,0,1,1650.0,agriculture,0
14.6,48.5,16.9,28.3,3,0,1453.0,agriculture,0
7.3,24.3,13.4,17.1,0,0,452.0,shrubland,0
7.1,7.1,34.8,11.5,3,0,2383.0,agriculture,0
72.4,121.6,44.8,26.5,2,0,2551.0,shrubland,1
69.2,171.3,12.4,50.6,0,1,737.0,forest,0
9.5,25.7,26.7,21.8,3,2,1730.0,forest,1
52.5,132.9,3.3,28.0,0,0,661.0,agriculture,0
75.4,214.3,34.9,50.5,2,2,2013.0,barren,0
135.3,289.2,12.4,54.4,1,1,1075.0,forest,0
208.4,500.0,23.2,99.0,1,2,1983.0,shrubland,1
55.5,141.6,28.4,36.8,5,0,2145.0,agriculture,0
206.1,375.2,19.5,80.0,1,3,2245.0,settlement,1
57.7,150.0,14.4,50.5,0,1,659.0,shrubland,0
94.4,187.0,39.6,40.1,3,0,2598.0,agriculture,1
75.9,75.9,17.9,32.5,2,0,953.0,agriculture,0
6.2,11.9,2.0,27.5,0,0,490.0,settlement,0
54.1,115.3,23.4,38.1,0,0,1732.0,forest,0
142.3,231.5,24.4,56.6,0,2,1290.0,barren,1
27.3,57.9,19.0,20.0,1,0,2391.0,forest,0
146.2,248.9,23.6,60.6,0,0,2340.0,settlement,0
222.6,452.8,23.9,82.8,0,0,1161.0,forest,1
4.8,4.8,36.0,23.0,7,1,2687.0,forest,0
42.9,92.2,20.2,40.6,0,1,1098.0,forest,0
201.6,371.9,35.3,78.5,3,3,1636.0,shrubland,1
169.2,250.1,19.7,59.5,2,3,1014.0,forest,1
5.7,22.0,38.1,27.4,0,0,2647.0,forest,1
27.6,31.0,32.0,29.4,3,0,795.0,shrubland,0
69.7,149.9,10.0,53.6,1,0,508.0,shrubland,1
0.2,0.2,16.0,20.8,0,0,1444.0,settlement,0
25.6,46.4,38.1,27.6,2,2,2782.0,barren,0
21.1,61.3,35.6,35.3,1,0,2540.0,agriculture,1
10.7,28.4,25.7,21.1,2,0,2197.0,forest,0
32.9,64.8,26.0,20.5,4,1,2538.0,forest,0
57.0,131.4,47.8,41.6,6,2,2544.0,barren,0
81.2,196.7,25.4,47.6,0,2,1645.0,forest,0
39.7,75.1,13.4,23.6,0,1,1158.0,shrubland,0
10.6,10.6,35.7,24.9,3,1,2253.0,barren,0
18.5,43.6,26.2,36.8,1,0,1988.0,barren,0
6.5,6.5,18.0,10.5,1,1,1297.0,shrubland,0
19.9,34.1,16.3,33.1,1,1,627.0,agriculture,0
23.0,40.8,20.7,8.9,0,0,2192.0,shrubland,0
5.0,26.3,19.1,21.9,1,0,1030.0,agriculture,0
1.3,2.2,46.3,32.4,7,1,2648.0,forest,1
13.2,25.6,19.3,22.2,1,0,978.0,forest,0
55.7,95.9,10.9,35.9,0,1,695.0,agriculture,0
48.8,106.5,27.9,41.1,3,1,2395.0,forest,0
174.5,282.0,11.4,50.2,0,1,768.0,agriculture,1
85.0,135.5,13.1,41.4,0,0,830.0,shrubland,1
32.1,48.3,22.9,28.1,1,0,1839.0,barren,0
16.0,32.1,38.3,37.4,4,0,2499.0,settlement,1
54.8,119.6,3.9,30.5,0,0,871.0,shrubland,0
21.8,49.6,23.7,25.1,1,0,1145.0,settlement,1
46.1,62.0,27.4,22.9,1,0,2266.0,forest,0
8.7,13.4,37.2,14.5,4,0,2732.0,shrubland,0
64.7,115.3,15.5,45.7,0,1,1602.0,forest,0
14.6,32.5,22.5,25.5,3,0,745.0,barren,0
42.7,74.0,18.7,27.7,1,2,433.0,settlement,0
108.0,260.4,22.2,54.8,1,1,951.0,barren,0
58.9,155.1,3.7,40.3,0,0,716.0,barren,0
44.0,105.8,32.7,32.1,3,1,2026.0,barren,0
66.7,113.8,15.9,28.7,0,0,692.0,forest,0
18.9,55.9,12.6,27.5,1,0,1615.0,barren,0
63.1,124.2,27.6,35.8,2,1,2066.0,agriculture,0
37.4,70.0,27.3,25.2,3,0,1795.0,shrubland,0
13.0,20.4,18.9,24.9,2,0,879.0,agriculture,1
9.7,9.7,31.7,23.2,5,0,2330.0,shrubland,0
175.9,337.9,30.2,65.3,3,4,2117.0,forest,1
58.2,155.5,38.5,41.2,4,0,2174.0,forest,0
89.0,198.0,21.5,64.5,2,2,715.0,forest,1
61.8,140.5,2.0,57.1,0,0,697.0,shrubland,0
1.4,25.2,31.6,16.4,2,1,2626.0,barren,0
44.7,105.3,19.2,29.7,1,0,1354.0,agriculture,1
18.4,29.5,6.4,18.5,0,0,1122.0,shrubland,0
34.9,52.1,23.2,35.6,4,1,1573.0,shrubland,0
57.3,99.2,35.1,31.5,4,2,1991.0,shrubland,0
5.7,5.7,27.3,22.9,3,4,2693.0,forest,0
84.5,175.9,19.6,60.3,1,0,1087.0,settlement,0
22.9,30.9,27.6,24.7,1,0,2620.0,forest,0
71.6,127.3,6.5,45.0,1,0,460.0,agriculture,0
41.5,110.3,33.8,39.6,3,3,1732.0,agriculture,0
32.4,56.0,22.7,24.6,0,1,1922.0,agriculture,0
81.5,109.6,15.9,44.4,0,0,654.0,barren,1
101.5,180.0,2.0,42.0,1,1,737.0,forest,0
35.9,80.2,32.9,41.0,1,1,1406.0,barren,0
90.9,227.8,38.5,48.6,3,2,2719.0,agriculture,1
92.6,161.3,24.1,40.6,1,2,1831.0,settlement,1
4.8,29.5,37.5,16.4,4,0,2639.0,agriculture,0
29.4,66.8,21.4,23.9,1,2,2330.0,settlement,0
84.2,147.4,29.7,38.6,2,0,1522.0,barren,1
12.7,39.6,27.9,9.0,1,0,2283.0,shrubland,0
16.8,44.7,9.3,26.3,1,1,443.0,settlement,0
3.6,3.6,9.8,18.4,1,1,662.0,agriculture,0
89.3,152.9,27.4,48.1,1,1,2391.0,shrubland,0
8.2,8.2,34.9,24.1,2,1,2312.0,barren,0
193.7,308.8,17.8,60.8,0,0,958.0,shrubland,0
37.2,74.1,27.9,27.9,1,0,1674.0,agriculture,0
61.3,123.8,25.5,36.8,2,0,1854.0,forest,0
1.7,1.7,35.5,30.5,0,0,2483.0,forest,0
87.5,153.2,22.7,37.1,0,1,1847.0,settlement,0
4.8,17.5,35.1,17.4,1,0,1390.0,shrubland,0
33.5,76.6,9.5,24.6,1,0,1298.0,shrubland,0
4.3,4.3,29.2,10.5,1,0,1422.0,forest,0
223.6,325.9,35.6,69.3,3,1,1965.0,shrubland,1
15.4,17.6,26.6,24.4,4,1,2482.0,settlement,0
34.9,74.2,36.2,39.6,5,1,1489.0,barren,0
10.7,43.7,22.9,34.2,1,0,995.0,forest,0
32.4,88.7,22.5,50.3,0,0,968.0,agriculture,0
31.8,89.8,29.2,32.8,1,1,2190.0,shrubland,1
8.8,20.8,29.4,21.4,2,1,2360.0,agriculture,0
10.3,45.5,11.5,18.8,0,1,653.0,shrubland,0
13.6,13.6,14.4,28.0,0,0,560.0,shrubland,0
15.2,18.0,34.3,23.4,3,1,1827.0,shrubland,0
147.3,227.9,15.1,58.7,0,0,751.0,agriculture,0
6.7,11.5,25.1,14.2,1,0,2379.0,shrubland,0
14.6,49.8,23.4,30.3,0,0,1145.0,shrubland,0
132.1,295.5,19.8,65.1,1,1,745.0,settlement,1
10.5,26.6,37.7,24.6,3,0,2610.0,agriculture,0
21.5,45.6,19.2,22.7,2,2,797.0,shrubland,0
80.0,113.0,15.6,45.8,0,1,1083.0,settlement,0
218.7,464.0,8.1,99.0,1,4,769.0,settlement,1
55.3,135.3,7.5,33.4,1,0,677.0,forest,0
35.6,80.2,2.0,38.6,1,2,451.0,agriculture,0
134.6,232.9,13.2,34.8,2,0,533.0,forest,0
12.4,26.2,14.1,29.6,0,0,819.0,agriculture,0
130.7,326.0,8.7,55.7,0,1,528.0,forest,0
97.6,148.5,5.9,39.5,1,0,1819.0,agriculture,1
116.7,136.5,19.3,31.4,1,1,2034.0,forest,0
8.7,21.3,27.4,21.9,1,0,1345.0,shrubland,0
12.4,59.6,13.9,35.7,1,0,1163.0,barren,0
90.4,174.0,25.3,32.7,1,0,1611.0,shrubland,0
89.0,110.5,23.3,34.1,2,2,2500.0,barren,1
94.4,132.5,41.1,35.2,4,2,2443.0,barren,0
216.4,500.0,10.4,99.0,0,5,504.0,barren,1
81.7,145.9,16.7,45.2,1,1,836.0,forest,0
20.7,47.7,31.3,18.8,1,0,968.0,settlement,0
19.3,32.8,26.4,21.9,1,1,999.0,forest,1
24.8,36.9,22.6,36.9,0,0,1771.0,shrubland,0
25.9,38.0,16.9,31.5,1,0,1399.0,barren,0
16.9,42.2,9.3,21.1,1,0,518.0,agriculture,0
193.9,392.1,23.0,75.6,1,2,1297.0,shrubland,1
63.9,81.4,22.8,30.8,1,0,1657.0,shrubland,1
40.5,76.0,10.2,28.6,0,0,644.0,settlement,1
24.8,24.8,40.8,11.2,4,2,2400.0,agriculture,0
35.8,63.9,10.8,25.9,0,0,525.0,shrubland,0
225.2,347.6,48.5,79.2,6,5,2620.0,barren,1
209.5,290.7,13.3,60.7,0,1,638.0,forest,0
52.7,83.6,43.1,30.8,0,1,2425.0,forest,0
173.8,318.6,35.3,67.1,3,5,2566.0,agriculture,1
40.2,121.6,41.2,52.7,4,0,2751.0,barren,1
85.0,119.0,25.8,37.8,0,0,2325.0,forest,0
103.0,252.2,24.4,64.8,1,2,2271.0,forest,0
28.1,59.4,29.4,24.7,5,1,1942.0,forest,0
3.5,16.1,36.3,20.3,0,1,2270.0,barren,0
27.8,36.4,13.9,26.5,0,0,723.0,forest,0
64.5,122.2,15.4,33.4,0,0,1687.0,shrubland,0
75.9,98.3,14.4,34.0,0,0,1634.0,barren,0
61.8,143.1,22.6,47.6,2,0,2458.0,forest,0
69.0,100.7,10.4,30.4,0,0,1511.0,shrubland,0
18.7,44.9,20.7,27.3,0,0,1324.0,shrubland,0
142.5,290.1,33.7,67.0,1,2,1935.0,settlement,1
12.9,33.2,16.9,20.0,1,0,1040.0,shrubland,0
117.5,280.6,2.0,70.2,1,0,735.0,shrubland,0
16.6,30.8,21.0,25.7,0,1,1547.0,forest,0
42.0,100.5,19.7,34.2,1,0,1401.0,agriculture,0
85.0,224.4,29.7,38.7,2,1,958.0,settlement,0
199.1,338.8,10.0,67.9,0,1,1282.0,forest,1
27.5,50.7,16.9,30.9,0,0,1279.0,shrubland,0
118.3,199.1,29.6,61.3,0,1,1186.0,barren,1
58.4,91.6,22.7,37.9,1,1,1311.0,forest,0
92.2,196.3,31.2,56.5,4,2,2046.0,forest,0
63.1,125.5,18.5,30.6,0,0,1113.0,shrubland,0
14.3,14.3,36.3,21.0,2,0,2677.0,forest,0
78.5,184.8,38.4,55.0,1,0,2599.0,forest,1
15.0,30.8,17.1,19.2,1,0,1554.0,shrubland,0
1.7,4.0,24.2,27.9,1,0,1188.0,forest,0
51.9,108.0,14.8,41.9,0,0,1685.0,shrubland,0
39.8,85.6,33.8,34.3,2,0,2437.0,agriculture,0
25.3,30.9,27.9,22.5,0,0,1966.0,agriculture,0
18.6,34.2,26.5,18.5,4,1,2331.0,forest,0
16.9,31.1,23.5,37.5,0,0,1679.0,settlement,1
9.6,9.6,22.2,26.5,2,2,1919.0,forest,0
59.4,135.5,10.5,43.4,1,0,1092.0,settlement,0
9.9,35.6,26.5,22.7,0,0,2164.0,shrubland,0
136.2,238.5,8.1,56.4,1,2,886.0,settlement,0
26.9,89.1,29.9,34.3,0,1,2068.0,forest,0
14.5,26.2,24.5,27.1,2,1,2466.0,forest,0
110.2,264.4,18.2,64.4,1,2,717.0,shrubland,0
8.3,8.3,18.1,16.6,1,0,1875.0,forest,0
80.2,185.9,8.9,38.2,0,0,628.0,forest,0
185.6,347.3,24.5,71.5,1,0,2142.0,agriculture,1
135.3,307.4,21.0,53.1,3,4,603.0,settlement,1
58.2,177.0,36.0,43.2,4,1,2646.0,forest,0
1.9,1.9,12.3,18.0,0,0,730.0,barren,0
62.5,96.1,37.7,37.1,3,1,2701.0,settlement,0
135.4,238.8,16.7,69.5,2,0,2322.0,barren,0
138.4,233.9,24.9,40.8,1,1,1825.0,agriculture,0
13.7,38.8,43.0,41.0,6,3,2278.0,agriculture,0
9.1,9.1,31.2,19.8,0,0,2308.0,shrubland,0
29.7,66.0,34.6,31.9,2,2,2670.0,agriculture,0
28.2,28.2,20.2,15.0,1,0,1008.0,barren,0
63.8,117.9,30.9,44.2,3,1,1816.0,forest,0
12.5,12.5,2.0,24.0,0,0,628.0,forest,0
19.5,26.5,14.8,24.5,2,3,1879.0,forest,0
22.0,41.6,15.9,13.5,0,1,811.0,barren,0
58.1,145.8,19.8,42.5,1,0,1756.0,shrubland,0
22.4,56.8,33.2,34.2,1,3,1774.0,agriculture,1
66.0,156.2,19.9,41.8,0,0,1518.0,settlement,0
10.0,22.7,10.8,32.9,0,1,1654.0,barren,0
182.8,271.7,21.3,68.0,1,2,2233.0,forest,0
18.8,35.1,12.5,21.9,0,0,2318.0,settlement,0
93.3,230.3,21.1,65.3,2,1,1581.0,barren,0
1.4,1.4,24.1,21.1,1,1,1839.0,forest,0
5.2,32.6,31.0,25.2,3,1,2635.0,agriculture,0
1.5,26.5,20.2,25.3,2,0,687.0,shrubland,0
5.8,17.3,21.0,23.7,1,1,681.0,agriculture,0
0.1,12.7,11.3,8.0,0,0,611.0,shrubland,0
48.9,86.0,13.0,32.4,0,1,1979.0,forest,0
60.1,95.7,24.8,24.8,2,0,1405.0,forest,1
19.7,55.4,33.4,39.4,3,1,2258.0,forest,0
86.7,142.8,29.2,52.1,1,0,2011.0,forest,1
72.8,177.7,25.0,52.2,2,3,1201.0,agriculture,1
20.2,29.9,25.3,23.1,3,1,2556.0,shrubland,1
1.6,1.6,42.5,12.6,3,1,2230.0,forest,0
26.0,47.1,10.8,23.6,0,2,1049.0,agriculture,0
0.7,0.7,24.3,34.2,0,1,1274.0,agriculture,0
38.3,98.8,7.2,31.1,0,0,1155.0,shrubland,0
178.4,328.2,8.1,52.6,2,2,778.0,barren,0
154.3,371.8,23.8,81.7,0,0,755.0,shrubland,1
145.1,374.7,32.2,84.9,2,5,2647.0,settlement,1
70.7,173.9,26.7,57.2,1,0,1451.0,forest,0
3.7,9.4,21.4,29.3,0,1,1320.0,agriculture,0
20.2,33.7,28.0,33.6,3,2,2151.0,barren,0
26.4,62.5,33.0,29.4,1,3,1727.0,settlement,1
29.2,42.5,32.3,11.7,2,0,2647.0,agriculture,0
13.3,13.3,18.3,23.0,1,1,2273.0,agriculture,0
40.1,84.4,17.1,37.6,0,1,1550.0,shrubland,0
22.6,31.1,23.3,24.2,3,1,1303.0,agriculture,0
16.3,33.8,37.7,23.4,6,3,2768.0,settlement,1
40.5,54.9,18.2,22.1,1,1,2123.0,barren,0
5.2,31.4,29.5,17.8,2,0,2683.0,shrubland,0
164.2,244.8,9.4,69.8,0,3,684.0,forest,0
13.8,24.8,29.3,37.0,3,0,2441.0,agriculture,0
42.7,104.5,17.4,36.1,0,0,1929.0,forest,0
0.6,13.3,9.2,25.3,1,0,693.0,forest,0
92.5,130.3,20.3,32.8,1,1,1812.0,forest,0
27.9,72.4,32.6,35.0,3,1,2047.0,agriculture,0
2.2,14.5,15.8,35.5,0,1,430.0,forest,0
43.8,89.0,20.7,22.9,0,0,1490.0,forest,1
13.5,13.5,28.5,25.5,2,0,2381.0,forest,0
7.4,18.9,18.6,27.4,0,0,1109.0,barren,0
185.2,390.4,16.5,81.3,0,1,1501.0,agriculture,1
27.3,79.3,13.9,44.2,0,1,1462.0,forest,0
64.7,170.4,11.7,60.3,0,0,1125.0,forest,0
40.2,76.9,29.3,29.8,0,1,2604.0,shrubland,1
11.3,13.3,22.4,27.3,0,0,2275.0,forest,0
43.2,103.9,14.1,36.8,2,1,665.0,agriculture,0
8.8,8.8,40.1,16.4,4,0,2793.0,shrubland,0
74.9,196.0,22.1,51.0,4,4,2510.0,barren,0
3.1,3.1,17.5,26.1,1,1,1081.0,forest,0
16.8,35.5,29.9,26.9,1,0,2409.0,agriculture,0
3.0,3.0,15.1,15.4,0,0,655.0,forest,0
113.6,260.5,35.4,54.4,2,0,2798.0,barren,1
35.2,99.9,17.6,32.2,0,1,1998.0,barren,0
102.5,261.5,18.4,52.9,1,1,1960.0,agriculture,0
37.4,66.7,12.7,33.1,0,0,617.0,shrubland,1
55.7,138.9,39.6,42.7,5,1,2553.0,forest,0
60.3,75.5,2.0,39.7,1,1,470.0,settlement,0
208.2,500.0,18.5,87.4,0,5,978.0,agriculture,1
56.7,80.3,21.6,28.3,2,1,743.0,forest,0
27.5,63.8,28.8,40.4,1,0,2264.0,shrubland,0
37.1,58.2,18.8,28.2,0,0,876.0,shrubland,0
89.6,194.9,28.6,48.8,5,0,2586.0,settlement,1
21.4,39.3,26.0,24.9,1,1,1975.0,agriculture,1
18.8,23.3,2.0,33.2,0,1,487.0,agriculture,0
5.5,5.5,2.0,30.9,0,0,413.0,agriculture,0
223.1,500.0,17.6,99.0,1,5,524.0,forest,1
13.1,13.1,19.1,22.9,0,0,1854.0,shrubland,0
145.3,320.1,27.5,60.7,3,1,2324.0,forest,0
62.2,97.5,7.2,49.2,0,1,973.0,settlement,0
89.2,131.7,22.5,45.7,2,1,2439.0,shrubland,0
9.2,50.6,10.5,25.5,0,0,537.0,shrubland,0
190.1,390.5,25.7,87.0,0,2,2322.0,forest,1
44.7,105.3,36.1,31.3,2,2,2627.0,forest,1
19.6,24.8,32.7,33.5,1,0,2253.0,agriculture,0
15.3,32.5,29.9,35.3,4,1,2075.0,forest,0
6.0,8.7,32.9,14.8,2,1,2411.0,forest,0
3.1,17.6,21.5,27.3,0,1,496.0,settlement,0
79.4,206.5,8.4,56.9,0,0,884.0,shrubland,0
205.7,377.6,13.0,94.3,0,4,700.0,shrubland,0
48.5,68.1,30.3,24.9,0,0,1611.0,shrubland,0
61.9,75.4,37.3,40.7,5,0,2188.0,settlement,0
47.8,94.3,16.9,34.8,1,3,1912.0,forest,0
123.9,251.4,29.7,48.0,3,2,2443.0,agriculture,1
197.8,309.1,23.0,64.6,2,2,773.0,barren,1
18.1,52.5,32.1,27.7,3,0,2163.0,agriculture,0
199.8,500.0,16.4,86.1,0,3,863.0,shrubland,1
12.8,18.1,15.6,25.9,1,1,1050.0,agriculture,0
169.4,248.6,25.7,63.2,0,3,2104.0,shrubland,1
152.1,249.7,36.8,57.7,3,4,2752.0,shrubland,0
78.0,135.4,24.0,36.4,0,1,1868.0,shrubland,0
4.6,20.6,11.3,23.3,1,0,531.0,forest,0
47.3,116.8,26.3,37.3,0,0,1879.0,forest,1
11.1,13.2,6.9,25.0,1,0,502.0,shrubland,0
85.6,155.7,36.0,50.2,4,2,2522.0,forest,1
9.8,13.8,47.1,23.1,6,1,2103.0,shrubland,0
77.8,149.6,3.0,33.7,0,0,816.0,shrubland,0
180.4,332.6,14.6,65.4,0,6,620.0,barren,0
14.7,25.7,9.9,26.3,1,0,840.0,forest,0
28.7,66.1,38.7,37.1,2,0,2752.0,agriculture,0
69.5,181.4,22.1,56.1,1,4,1501.0,shrubland,0
24.8,28.6,35.0,36.5,2,1,2282.0,forest,0
25.8,41.6,33.9,26.9,2,0,1927.0,forest,0
11.5,20.7,25.9,28.8,0,0,1774.0,forest,0
22.7,30.0,21.2,14.9,1,0,748.0,forest,0
81.4,208.6,18.9,54.1,0,3,2670.0,forest,0
57.5,132.2,28.2,32.0,3,0,1123.0,shrubland,1
5.3,5.3,27.3,20.7,1,0,1787.0,shrubland,0
52.6,105.5,34.9,56.4,1,1,2079.0,forest,0
28.7,72.6,18.7,33.5,0,0,1958.0,forest,1
9.1,31.4,28.6,18.8,0,0,2657.0,forest,0
86.5,190.6,14.9,51.6,1,2,756.0,shrubland,0
11.4,11.4,22.9,18.6,1,0,1620.0,forest,0
93.3,201.9,22.3,43.2,1,0,1370.0,shrubland,0
207.6,319.3,29.2,81.3,3,4,1538.0,forest,1
46.5,49.2,2.0,36.5,0,0,686.0,forest,0
72.8,146.3,19.9,44.4,1,1,722.0,barren,0
9.2,24.8,17.3,21.8,1,1,1067.0,forest,0
18.3,32.8,16.6,23.6,0,0,1131.0,forest,0
10.0,18.0,11.5,34.7,0,1,1427.0,forest,0
73.2,177.5,28.9,48.1,4,1,1866.0,barren,0
150.1,331.7,10.6,47.9,0,1,1923.0,agriculture,1
20.0,20.4,24.8,40.4,1,3,1388.0,agriculture,0
22.9,22.9,10.8,25.9,1,0,1381.0,barren,0
17.5,17.5,16.1,26.0,2,1,922.0,forest,0
58.7,114.1,24.3,44.7,2,0,1812.0,barren,1
60.7,129.3,25.8,42.5,1,1,1161.0,forest,0
54.3,97.7,10.0,40.8,0,0,487.0,agriculture,0
173.0,259.6,16.3,55.7,0,3,1404.0,shrubland,0
16.6,23.3,18.9,15.6,1,0,1538.0,shrubland,0
51.3,137.0,24.2,42.4,0,1,941.0,barren,1
67.7,143.4,28.2,51.1,3,1,1774.0,forest,0
10.1,11.1,22.0,17.8,2,0,1758.0,barren,0
152.7,418.3,26.4,76.0,0,0,2085.0,shrubland,1
19.0,19.0,16.4,32.3,1,0,1955.0,agriculture,0
91.3,161.7,29.2,40.5,0,0,1966.0,barren,0
33.0,80.7,6.8,30.4,0,1,1159.0,forest,0
145.4,282.5,35.0,58.3,2,0,2290.0,barren,1
67.4,102.3,24.9,34.9,3,1,1718.0,agriculture,0
12.8,24.1,36.6,12.3,3,1,1435.0,agriculture,0
200.2,407.9,18.9,76.2,1,3,1902.0,forest,1
41.7,113.9,18.7,39.0,1,1,1266.0,shrubland,0
78.9,145.8,34.9,42.6,2,2,1631.0,agriculture,0
39.7,75.1,36.6,38.8,3,2,2168.0,shrubland,1
11.9,38.2,28.1,38.7,1,0,2527.0,forest,0
77.6,152.4,34.9,52.6,3,1,2611.0,forest,0
207.2,317.1,22.9,73.0,1,3,1609.0,settlement,1
12.2,33.7,25.2,24.3,2,1,1649.0,forest,0
49.8,129.7,25.9,34.9,4,1,2320.0,agriculture,1
121.5,232.0,17.6,54.7,1,1,1155.0,barren,1
59.2,137.6,21.0,44.8,0,0,2410.0,forest,0
102.7,117.1,23.6,43.3,1,1,1586.0,forest,0
1.2,1.5,16.1,25.6,4,0,678.0,agriculture,0
210.6,418.5,10.6,81.2,2,2,573.0,forest,1
4.4,4.4,21.0,26.9,1,0,2421.0,agriculture,0
49.7,113.7,18.0,46.2,0,0,533.0,agriculture,0
31.7,79.3,19.7,38.5,0,0,1073.0,agriculture,0
63.3,107.7,13.9,36.6,0,1,1202.0,shrubland,0
115.5,209.9,12.8,45.8,0,1,815.0,agriculture,0
47.8,108.3,8.4,31.2,0,0,1153.0,agriculture,0
94.5,165.3,22.3,39.9,5,3,2182.0,forest,1
75.8,101.8,7.1,38.1,0,1,435.0,agriculture,0
33.3,68.3,39.1,33.2,2,0,2385.0,barren,0
59.2,147.1,27.7,31.8,2,0,2456.0,agriculture,0
23.3,55.4,23.8,25.1,0,0,1293.0,shrubland,0
38.0,83.0,10.6,35.1,1,2,769.0,forest,0
154.4,227.2,27.0,47.0,1,1,1842.0,forest,0
62.9,144.1,12.3,45.2,0,0,687.0,forest,0
78.3,192.8,25.1,46.3,1,1,1276.0,forest,0
10.2,22.1,30.9,18.3,1,0,2700.0,barren,1
46.0,77.8,25.1,32.2,5,1,2789.0,forest,0
26.1,45.5,20.7,30.1,0,0,2253.0,settlement,0
17.5,37.2,14.6,20.6,0,0,1146.0,forest,0
46.8,127.7,19.5,37.7,0,2,2050.0,forest,0
2.1,4.7,30.7,24.1,2,2,2093.0,shrubland,0
21.7,31.4,17.0,20.2,1,4,1331.0,forest,0
66.4,135.0,41.8,27.5,3,3,1938.0,settlement,1
76.9,156.0,2.0,33.7,0,0,426.0,barren,0
6.1,6.2,16.8,19.0,0,0,902.0,barren,1
27.4,52.5,16.1,19.4,0,1,1660.0,forest,0
45.6,94.1,11.1,32.5,0,0,793.0,settlement,0
84.6,151.2,15.3,54.7,0,1,798.0,forest,1
35.1,92.7,16.2,24.8,3,2,2407.0,barren,0
40.4,88.8,36.7,30.7,7,3,2774.0,shrubland,1
27.8,48.3,36.6,41.7,1,0,1734.0,forest,0
111.3,232.0,28.5,56.8,0,3,2414.0,forest,0
12.5,34.5,36.9,22.2,1,2,2777.0,forest,0
86.9,103.6,20.4,34.7,0,2,740.0,forest,0
24.6,37.3,20.5,29.2,2,1,1476.0,barren,0
59.4,85.2,16.4,45.3,0,0,1342.0,settlement,0
2.3,7.6,2.0,19.3,0,0,592.0,barren,0
129.4,295.0,33.5,57.5,2,2,2213.0,forest,0
27.0,30.6,20.4,15.6,1,1,1441.0,agriculture,0
58.5,101.6,15.5,36.5,3,1,1526.0,forest,0
28.6,57.8,14.8,19.7,2,0,762.0,shrubland,0
12.8,20.4,11.0,21.0,0,0,834.0,forest,0
23.5,39.1,29.7,19.5,1,0,2577.0,forest,0
70.1,193.2,15.3,56.6,0,1,507.0,agriculture,0
88.4,190.6,7.4,45.6,0,1,959.0,forest,0
102.0,268.6,24.4,62.3,1,0,1101.0,shrubland,1
64.6,86.0,13.5,22.4,1,0,1576.0,agriculture,0
106.9,283.6,20.7,62.8,4,1,1807.0,forest,0
17.9,32.4,35.2,16.2,1,0,1584.0,barren,0
58.2,129.4,19.7,36.6,0,1,602.0,shrubland,0
70.6,90.1,17.0,49.5,0,2,985.0,settlement,1
58.8,58.8,25.4,35.5,1,0,2425.0,agriculture,0
212.9,500.0,22.9,92.2,0,0,1930.0,agriculture,1
93.0,210.9,27.1,73.3,1,2,1958.0,agriculture,1
190.4,422.0,27.4,75.1,1,2,2008.0,barren,1
83.3,183.4,28.9,55.0,1,1,2231.0,agriculture,0
20.9,42.8,11.5,16.8,1,0,539.0,forest,0
78.7,169.8,18.1,43.8,0,0,1280.0,forest,0
41.6,108.4,14.5,27.4,1,0,1695.0,agriculture,0
146.2,309.1,15.4,67.7,1,3,1212.0,forest,1
225.3,500.0,37.5,92.6,3,3,2427.0,forest,1
2.6,16.8,13.5,21.5,0,0,1558.0,forest,0
5.7,30.4,28.4,32.3,4,6,2245.0,shrubland,0
13.7,31.4,26.4,21.0,1,0,2445.0,forest,0
63.4,114.7,23.7,39.5,2,0,1611.0,agriculture,0
16.9,17.1,30.7,28.4,4,3,2583.0,settlement,0
75.0,114.7,34.6,26.2,3,1,1809.0,settlement,1
58.3,78.2,35.0,26.0,1,0,2441.0,forest,0
150.7,271.4,10.3,61.1,1,3,1217.0,shrubland,0
13.0,16.7,27.2,27.2,2,0,1597.0,agriculture,0
52.7,137.1,18.6,50.7,0,1,1675.0,shrubland,0
9.4,10.7,9.1,21.5,1,1,652.0,agriculture,0
213.3,400.4,22.3,76.5,1,1,1357.0,forest,1
20.6,69.6,30.2,24.2,2,2,2602.0,barren,1
1.2,1.2,32.0,22.6,2,0,1914.0,forest,0
20.5,51.6,9.7,26.8,0,1,826.0,settlement,0
203.6,346.2,14.7,69.4,1,1,1213.0,agriculture,1
11.5,33.8,10.8,25.6,0,1,860.0,forest,0
40.4,63.7,7.2,34.7,0,0,460.0,agriculture,0
77.6,105.5,40.8,30.9,4,0,2626.0,forest,0
36.9,93.0,25.6,28.5,0,0,1476.0,settlement,0
10.6,32.1,29.1,27.9,1,0,1138.0,agriculture,0
4.9,15.2,40.1,8.0,3,0,1836.0,forest,0
37.1,62.2,3.7,26.6,0,0,418.0,forest,0
24.5,26.7,17.7,16.7,1,0,1067.0,agriculture,0
76.5,155.8,20.3,51.8,1,1,2087.0,forest,0
23.2,44.9,21.2,24.2,2,0,1921.0,barren,0
63.1,180.1,30.9,42.3,1,1,2756.0,settlement,0
5.7,9.0,19.0,21.8,0,1,1889.0,agriculture,0
94.0,251.5,15.4,53.4,0,1,1546.0,forest,0
14.1,48.4,28.5,24.5,2,0,2227.0,agriculture,0
56.8,123.3,25.1,39.1,2,1,2568.0,barren,0
28.8,55.4,33.9,25.0,4,0,2130.0,forest,0
226.3,500.0,28.6,89.8,1,1,2712.0,forest,1
47.4,98.0,48.2,26.2,5,1,2277.0,forest,0
11.5,16.5,29.2,14.6,0,1,2480.0,shrubland,0
14.7,49.4,13.6,28.8,1,0,674.0,agriculture,0
23.6,61.4,20.3,31.8,1,0,2158.0,shrubland,0
0.2,18.0,32.4,12.7,3,0,1456.0,agriculture,0
28.0,45.8,31.5,32.1,1,2,1727.0,forest,0
122.9,229.7,28.7,58.9,2,1,1970.0,forest,1
71.7,178.9,26.0,53.2,2,4,2728.0,forest,0
24.5,70.7,36.5,32.2,3,0,2763.0,settlement,0
43.1,55.1,10.2,33.8,0,0,1092.0,agriculture,0
18.0,30.2,38.3,39.4,3,3,2161.0,shrubland,0
225.6,408.4,34.4,77.0,1,1,2200.0,settlement,1
13.3,24.6,19.6,17.1,0,1,1232.0,forest,0
87.3,153.6,2.0,33.4,1,0,697.0,forest,1
67.7,174.3,4.9,59.3,0,1,498.0,forest,0
22.0,53.6,34.3,40.1,4,1,2266.0,barren,0
2.8,2.8,30.5,14.1,2,0,1575.0,agriculture,0
24.9,61.4,42.3,23.3,4,0,2765.0,agriculture,0
192.0,397.4,11.6,76.7,0,2,1516.0,forest,1
81.6,152.3,36.9,50.4,2,3,2747.0,forest,0
55.1,74.9,27.2,22.2,2,1,1388.0,agriculture,0
31.5,39.3,19.5,12.8,3,1,2305.0,shrubland,0
131.3,211.3,12.3,67.1,0,0,604.0,barren,0
43.4,72.1,26.0,33.1,0,0,1733.0,settlement,0
52.0,108.4,28.5,39.2,3,3,2325.0,shrubland,0
70.8,103.5,21.5,34.3,1,1,2619.0,agriculture,0
8.1,8.1,28.9,24.7,2,0,2374.0,barren,0
163.5,279.3,9.0,51.4,0,1,489.0,shrubland,1
10.6,23.6,18.7,18.4,2,1,1294.0,agriculture,1
16.1,50.5,7.8,29.6,1,0,517.0,barren,0
189.9,358.0,10.1,57.4,2,3,662.0,forest,0
0.2,25.3,27.0,21.9,1,0,2021.0,barren,0
17.2,27.5,31.1,21.6,4,1,2112.0,forest,0
22.4,38.6,27.8,23.8,3,2,2257.0,agriculture,0
64.1,141.4,29.4,36.9,2,2,2477.0,settlement,0
130.3,313.4,29.5,58.7,2,4,2175.0,agriculture,1
15.9,29.7,18.0,12.5,1,0,2322.0,shrubland,0
5.3,12.8,14.5,24.0,1,0,518.0,agriculture,0
92.3,263.6,16.1,57.2,0,1,963.0,forest,0
208.6,299.4,26.2,54.2,1,2,1893.0,forest,1
1.9,10.8,38.1,21.7,2,1,2460.0,forest,0
177.7,470.0,2.0,88.0,1,1,411.0,agriculture,1
100.3,254.7,10.4,55.1,0,0,1635.0,shrubland,1
3.2,3.2,29.1,8.0,5,1,2025.0,forest,0
162.5,403.1,10.9,84.6,0,2,471.0,barren,1
46.6,51.2,21.5,19.5,1,2,1363.0,shrubland,0
76.5,155.0,29.8,43.1,5,3,2550.0,shrubland,1
82.4,154.7,31.5,36.9,4,4,2012.0,shrubland,0
119.9,254.7,22.3,54.9,0,1,970.0,forest,0
42.5,93.2,34.9,41.5,3,0,2447.0,agriculture,1
84.9,137.5,17.3,44.6,0,0,1235.0,shrubland,0
99.5,159.4,18.1,51.9,0,2,2448.0,forest,0
50.8,101.0,22.8,37.6,0,2,1117.0,barren,1
130.3,290.7,33.1,64.9,2,3,1817.0,settlement,1
106.3,228.9,24.4,41.3,2,1,1353.0,agriculture,0
20.5,32.9,11.4,23.9,0,0,1060.0,barren,0
3.8,3.8,37.0,18.8,3,0,2528.0,barren,0
6.3,20.1,20.5,32.2,2,0,850.0,forest,0
199.9,456.6,22.5,83.3,0,2,604.0,agriculture,1
17.2,17.2,13.2,25.6,0,0,1221.0,agriculture,0
59.7,79.2,26.9,33.4,1,0,2122.0,forest,0
0.8,6.6,35.5,28.9,3,1,2338.0,forest,0
0.0,0.0,35.8,18.9,5,1,2797.0,forest,1
68.6,108.7,10.4,42.9,0,1,1111.0,agriculture,0
11.0,11.0,23.2,10.3,5,3,1379.0,settlement,0
103.1,125.7,17.4,27.9,0,0,728.0,settlement,0
27.4,41.0,25.3,10.4,3,6,1780.0,forest,0
135.2,254.5,36.8,62.2,1,3,2794.0,forest,0
4.3,19.5,26.2,28.0,0,0,2082.0,shrubland,0
190.3,389.4,34.9,82.6,1,3,1829.0,shrubland,1
60.9,119.7,14.3,33.8,1,0,1342.0,barren,0
9.4,9.4,29.5,17.6,1,0,2597.0,barren,1
19.9,27.5,22.8,23.8,1,0,1593.0,barren,0
7.1,7.1,19.3,32.0,0,0,722.0,settlement,0
83.2,154.8,9.7,55.7,0,0,1277.0,barren,0
146.8,254.8,3.4,64.3,0,0,561.0,shrubland,0
7.5,20.8,2.1,27.2,0,0,885.0,forest,0
52.3,103.4,10.9,45.7,0,2,442.0,forest,0
38.0,51.4,14.4,26.8,0,0,1488.0,shrubland,0
76.9,157.3,23.7,40.6,1,0,1923.0,forest,0
66.2,197.4,23.2,48.3,1,0,1224.0,forest,1
45.2,80.2,16.7,25.8,0,1,1409.0,barren,0
70.5,136.2,35.9,38.4,2,0,2702.0,forest,1
222.6,418.0,27.3,73.1,1,2,2205.0,barren,1
18.8,59.8,28.2,36.2,1,0,1698.0,settlement,0
26.2,60.1,20.5,33.3,2,1,1083.0,agriculture,0
10.9,10.9,28.4,31.9,1,0,2553.0,agriculture,0
40.8,53.5,15.1,17.5,1,2,964.0,forest,0
12.0,12.0,25.2,35.5,1,0,1181.0,agriculture,0
163.7,397.2,35.7,66.4,3,3,2582.0,forest,0
40.2,76.3,14.5,23.8,1,0,1671.0,barren,0
40.1,101.2,33.2,30.3,6,2,2182.0,forest,0
85.7,164.4,18.1,53.9,2,1,1818.0,forest,0
14.0,29.0,35.9,25.6,5,2,1968.0,agriculture,0
212.9,431.0,24.4,81.3,3,1,1119.0,agriculture,1
3.3,3.3,18.2,15.8,2,0,979.0,shrubland,0
84.5,246.5,19.4,47.0,2,1,1174.0,agriculture,1
214.5,318.6,12.8,75.4,0,1,773.0,forest,1
84.6,166.5,36.7,49.5,4,5,2498.0,agriculture,0
220.5,465.3,15.0,98.0,0,1,1080.0,forest,1
17.1,40.1,25.9,29.0,3,2,1748.0,forest,0
183.0,373.3,35.9,55.5,3,1,2301.0,forest,1
54.6,148.0,26.4,33.2,2,1,2281.0,forest,0
57.2,121.3,17.3,41.8,1,0,1452.0,forest,0
20.2,38.1,14.5,24.1,0,0,1543.0,shrubland,0
8.5,8.5,28.4,17.6,2,1,2787.0,forest,0
55.3,141.6,15.4,33.9,1,2,2019.0,forest,0
9.2,22.5,35.5,29.8,4,1,2355.0,shrubland,0
47.9,130.8,44.8,41.5,4,1,2566.0,forest,0
95.6,149.1,39.4,44.8,4,2,2290.0,agriculture,0
188.5,414.7,4.3,77.4,0,3,844.0,barren,0
10.3,10.3,29.1,23.0,2,1,1749.0,shrubland,0
170.2,385.8,22.0,67.3,1,1,645.0,barren,1
15.6,20.8,23.7,22.7,1,1,1967.0,forest,0
81.7,183.4,35.0,28.8,2,0,2693.0,forest,1
179.1,233.4,10.1,44.3,0,1,1631.0,agriculture,0
22.6,78.3,22.9,29.7,1,1,1439.0,settlement,0
8.9,22.8,4.2,41.7,0,1,486.0,settlement,0
18.2,27.5,35.8,11.2,1,0,2703.0,forest,0
81.5,137.6,2.7,33.1,0,0,647.0,settlement,0
179.1,259.7,14.8,60.3,0,0,499.0,shrubland,0
28.9,64.7,23.1,42.4,2,3,991.0,forest,0
16.5,23.6,6.8,26.4,0,0,557.0,forest,0
33.9,38.9,14.3,31.7,1,0,1492.0,barren,0
18.0,33.3,9.2,23.9,0,0,1639.0,forest,0
36.2,57.7,16.4,25.8,2,0,1150.0,settlement,0
128.9,311.9,7.7,67.3,0,0,522.0,agriculture,0
69.7,130.5,2.9,36.1,2,0,668.0,agriculture,0
150.9,297.9,22.9,68.9,1,2,1323.0,agriculture,1
59.6,107.2,8.8,25.8,0,1,545.0,settlement,0
217.1,326.0,20.9,74.3,1,4,2076.0,forest,1
8.6,8.6,11.8,22.8,1,0,897.0,forest,0
1.9,1.9,24.8,19.3,0,1,1125.0,agriculture,1
80.5,168.8,24.1,33.5,0,1,1346.0,shrubland,0
5.3,5.3,19.9,14.7,0,0,1400.0,forest,1
208.1,406.7,14.3,88.5,0,1,404.0,forest,1
35.3,92.5,5.5,33.6,1,0,669.0,forest,0
143.6,282.4,32.2,63.0,4,3,2471.0,forest,1
10.0,25.7,11.2,18.9,0,0,403.0,forest,0
56.9,102.3,20.0,35.4,2,0,1620.0,barren,0
45.8,88.0,25.4,23.6,1,1,1575.0,forest,0
27.9,43.6,13.6,28.2,1,2,1199.0,barren,0
68.4,173.2,24.4,48.2,1,0,1435.0,barren,1
89.1,193.4,33.5,50.3,2,1,2273.0,forest,0
190.9,400.3,12.5,73.0,0,0,2419.0,agriculture,0
50.6,132.0,24.5,37.3,0,0,1025.0,agriculture,0
7.4,15.9,2.0,28.0,0,0,1174.0,agriculture,0
84.1,186.8,12.3,46.9,1,2,982.0,forest,0
60.9,81.4,29.0,30.0,4,1,1552.0,forest,0
5.8,21.1,25.4,36.9,1,1,2040.0,forest,0
55.5,104.8,6.4,30.1,0,1,948.0,agriculture,0
4.4,16.0,11.5,31.2,1,2,1194.0,barren,0
0.6,3.8,40.4,12.1,3,1,2633.0,agriculture,0
60.2,92.8,2.0,39.9,2,3,517.0,agriculture,0
25.9,54.7,29.2,33.1,1,4,1506.0,barren,1
63.6,166.4,27.8,40.9,2,1,2108.0,agriculture,0
3.8,9.0,6.3,14.4,0,0,761.0,forest,0
55.7,121.1,7.6,25.3,0,0,514.0,barren,0
20.3,29.6,7.1,21.6,0,0,732.0,shrubland,0
216.9,500.0,39.1,95.8,6,5,2605.0,forest,1
22.6,29.8,15.2,17.9,3,1,422.0,shrubland,0
54.7,83.0,3.8,34.5,0,0,852.0,barren,0
11.5,26.5,8.4,15.0,1,1,475.0,forest,0
9.7,9.7,7.4,21.3,0,0,666.0,shrubland,0
34.0,85.3,34.3,24.3,3,0,1888.0,forest,0
198.7,465.5,7.5,88.5,0,2,980.0,forest,0
122.3,328.0,35.0,64.0,1,1,1766.0,forest,1
17.1,35.9,24.9,17.4,2,0,1816.0,agriculture,0
8.8,18.2,24.1,18.6,1,1,2439.0,barren,0
79.3,186.1,5.9,42.1,0,1,411.0,forest,0
85.0,183.6,26.6,37.8,0,0,2448.0,forest,0
12.8,15.7,17.6,30.8,1,0,1886.0,forest,0
51.3,100.6,14.9,33.2,2,2,791.0,forest,0
76.4,129.8,21.8,24.1,1,1,2255.0,shrubland,0
67.8,110.2,17.7,32.6,2,1,2453.0,agriculture,0
17.1,28.2,14.2,31.6,0,0,1010.0,agriculture,0
66.1,104.5,21.7,30.5,3,0,2605.0,shrubland,0
27.5,40.0,16.8,37.3,0,0,1491.0,shrubland,0
42.4,63.6,19.5,24.1,2,0,1848.0,forest,0
17.2,28.3,29.4,27.9,3,1,2763.0,forest,0
40.3,93.3,32.4,40.8,3,2,1268.0,barren,0
56.5,90.2,31.1,36.4,4,0,2352.0,settlement,1
73.2,179.5,19.8,37.2,0,0,1164.0,barren,0
26.9,46.0,18.9,20.9,2,1,2318.0,barren,0
27.3,59.6,21.1,37.6,3,0,1842.0,agriculture,0
87.5,102.9,17.1,30.3,4,2,919.0,barren,0
80.2,198.1,14.0,56.7,0,3,1394.0,shrubland,0
168.6,366.9,24.1,70.7,1,1,1162.0,forest,1
17.9,29.1,4.4,27.0,1,0,587.0,forest,0
208.4,374.9,9.1,66.1,1,1,472.0,forest,0
21.3,44.9,15.2,23.3,2,3,1232.0,forest,0
1.4,9.1,11.8,16.5,1,0,446.0,shrubland,0
21.3,29.9,10.2,27.3,2,1,797.0,agriculture,0
52.0,83.7,26.8,33.2,0,0,2140.0,settlement,0
19.6,38.9,26.6,29.3,1,1,2099.0,agriculture,0
18.8,18.8,24.1,19.8,1,0,2173.0,forest,0
42.5,98.9,21.4,28.5,4,3,1161.0,agriculture,0
71.2,179.7,34.2,47.3,4,2,2536.0,shrubland,1
25.1,53.7,24.6,21.1,2,1,1825.0,forest,0
18.2,56.0,10.6,37.0,1,1,702.0,forest,0
93.0,135.4,19.0,39.7,1,1,745.0,forest,0
13.3,13.3,26.2,20.1,1,0,2063.0,forest,0
9.4,37.6,12.6,29.9,0,0,815.0,settlement,0
61.8,99.7,23.7,34.5,1,0,1618.0,agriculture,0
18.4,38.8,46.3,13.2,5,0,2780.0,agriculture,1
67.3,111.8,2.0,30.7,1,2,410.0,forest,0
18.2,43.1,15.6,34.7,4,2,440.0,settlement,1
22.0,57.5,23.0,29.5,3,3,2783.0,agriculture,0
23.1,40.3,26.4,14.5,1,1,1803.0,forest,0
1.8,1.8,23.7,23.3,2,0,705.0,agriculture,0
9.1,14.8,36.1,18.1,3,0,2554.0,shrubland,0
12.6,21.9,33.6,17.0,4,1,2513.0,shrubland,0
144.3,351.3,20.1,63.7,1,1,1687.0,forest,0
171.2,360.0,26.1,79.6,1,3,1892.0,shrubland,1
2.1,5.7,15.5,8.1,1,0,1056.0,forest,0
56.0,59.9,6.4,24.4,1,0,521.0,forest,0
40.6,75.6,23.3,32.4,1,1,1827.0,forest,0
153.0,278.0,18.9,72.2,2,2,1107.0,barren,0
21.3,71.8,22.0,35.0,2,1,1993.0,forest,0
1.4,3.6,26.1,15.0,3,0,2407.0,shrubland,0
16.9,33.3,2.0,37.4,0,0,444.0,forest,0
11.7,19.5,27.8,13.7,4,1,1830.0,barren,0
23.9,43.7,19.6,29.0,1,1,955.0,agriculture,0
208.4,284.6,33.8,64.7,1,4,2497.0,barren,1
156.8,259.7,22.9,52.1,0,2,1009.0,forest,1
18.7,18.9,26.2,28.1,1,1,1866.0,forest,0
35.2,55.4,26.7,24.8,1,0,1728.0,shrubland,0
17.4,37.3,22.2,30.9,3,0,1351.0,shrubland,0
57.1,120.0,26.7,24.9,3,0,2026.0,settlement,0
43.1,94.7,25.1,36.6,2,0,2142.0,barren,0
5.5,23.2,38.9,20.2,3,0,1761.0,shrubland,0
148.1,254.8,26.4,65.4,1,0,2220.0,barren,1
196.4,352.9,30.7,71.0,2,1,2760.0,shrubland,1
76.1,164.3,23.6,53.1,1,2,1406.0,forest,0
56.5,137.3,24.8,44.0,0,0,1635.0,shrubland,0
39.1,110.4,2.0,37.0,0,0,430.0,forest,0
6.1,16.1,37.6,27.6,4,1,2310.0,settlement,0
27.4,65.2,22.7,35.6,0,0,1649.0,forest,0
51.3,125.8,13.3,42.8,0,1,1379.0,forest,0
4.0,5.0,20.3,8.0,1,0,626.0,agriculture,0
214.1,405.7,36.8,71.7,2,4,2535.0,forest,1
44.1,117.6,12.0,48.0,0,2,1348.0,forest,0
0.5,14.7,39.0,13.0,6,0,2038.0,agriculture,0
15.9,15.9,18.3,29.4,2,1,758.0,forest,0
197.1,491.1,34.4,96.1,2,3,2708.0,shrubland,1
6.3,8.6,25.1,16.7,0,1,828.0,forest,0
20.9,31.6,16.3,11.6,1,0,879.0,forest,0
7.7,23.2,31.7,19.5,2,1,2462.0,forest,1
32.8,73.2,29.0,45.4,1,2,2590.0,settlement,0
112.0,283.5,19.4,55.9,1,3,909.0,barren,1
25.0,85.1,25.2,27.3,2,0,1528.0,forest,0
152.3,223.8,28.8,45.7,5,4,2160.0,barren,1
26.1,68.4,27.3,38.8,4,1,2508.0,agriculture,0
58.5,156.0,20.6,41.7,2,1,1310.0,agriculture,1
16.5,33.8,22.8,21.1,3,1,1641.0,agriculture,0
44.7,119.7,20.3,48.0,1,2,2180.0,agriculture,0
62.5,94.8,19.1,38.7,2,1,2155.0,settlement,0
31.7,70.2,33.7,23.7,2,0,2279.0,shrubland,0
17.3,17.3,7.7,15.5,0,0,1768.0,shrubland,0
227.1,401.7,14.2,87.5,2,3,651.0,forest,1
228.5,500.0,29.9,92.8,5,4,2570.0,forest,1
34.1,72.5,40.6,19.2,2,0,2477.0,agriculture,0
72.4,199.8,27.2,36.9,4,0,2315.0,forest,0
55.9,106.6,17.0,28.6,1,1,640.0,forest,0
17.5,33.5,12.8,17.4,0,0,891.0,forest,0
112.0,227.4,29.7,38.9,3,1,2185.0,forest,0
0.5,0.5,15.6,13.4,0,0,456.0,agriculture,0
57.7,153.0,31.9,35.8,3,1,2750.0,agriculture,1
5.9,6.2,26.2,18.1,1,0,1305.0,shrubland,0
23.1,37.9,21.9,38.0,1,0,2126.0,forest,0
70.8,93.6,34.5,31.6,2,1,2530.0,shrubland,1
70.5,145.1,26.2,40.3,5,0,1347.0,shrubland,1
103.8,257.4,22.6,61.5,2,1,1166.0,agriculture,0
130.7,315.1,38.0,63.7,5,2,1861.0,agriculture,1
25.7,57.7,19.9,32.0,2,1,1794.0,shrubland,0
22.5,25.4,11.6,27.0,0,0,1382.0,shrubland,0
8.7,8.7,19.0,23.0,2,1,1844.0,barren,0
90.2,142.6,38.1,59.8,2,1,2645.0,agriculture,0
30.9,76.5,25.3,38.0,3,2,1522.0,shrubland,0
156.0,334.9,15.8,62.0,0,2,872.0,shrubland,1
91.6,124.2,12.4,41.8,0,0,1305.0,forest,0
24.7,54.4,25.2,22.8,4,6,1346.0,barren,1
64.3,132.3,5.6,44.0,0,1,715.0,forest,0
75.2,125.5,21.9,29.3,1,0,791.0,forest,0
50.6,121.6,46.1,29.1,4,1,2043.0,barren,0
16.1,27.1,21.2,27.1,2,2,1215.0,agriculture,0
12.4,20.6,38.1,29.7,1,0,2692.0,forest,0
27.1,62.6,13.2,33.8,0,0,985.0,forest,0
25.2,72.2,2.0,38.3,0,0,637.0,forest,0
94.2,177.4,25.3,48.8,1,2,2208.0,agriculture,0
18.5,52.6,25.4,29.3,1,0,2514.0,forest,0
78.6,123.9,7.8,36.0,0,0,1067.0,barren,0
69.2,146.3,26.5,47.3,1,2,885.0,barren,0
222.8,375.9,16.7,82.7,0,2,846.0,shrubland,0
20.6,38.6,25.9,25.6,1,2,1653.0,agriculture,0
3.1,3.1,20.0,20.4,1,1,1524.0,forest,0
5.9,5.9,15.6,33.1,2,0,1023.0,forest,0
52.7,131.1,17.6,39.8,1,3,508.0,agriculture,0
29.9,60.9,22.2,30.0,2,2,1556.0,forest,0
48.2,130.2,37.9,42.0,1,0,2702.0,forest,0
3.0,3.0,25.4,20.2,4,1,1966.0,forest,0
22.9,46.3,20.5,21.7,5,2,1589.0,forest,0
1.9,1.9,3.9,24.7,0,0,666.0,shrubland,0
57.3,94.9,3.7,35.3,0,0,1006.0,agriculture,0
121.4,266.7,16.0,72.6,0,2,1107.0,settlement,0
51.7,96.1,29.9,39.7,2,1,2236.0,agriculture,0
41.0,66.8,24.0,26.1,0,0,2504.0,settlement,0
46.9,101.0,32.8,39.8,3,1,2564.0,shrubland,0
89.3,121.6,35.4,39.7,1,1,2763.0,settlement,1
27.2,29.5,21.0,34.2,1,1,2758.0,shrubland,0
93.4,196.8,28.3,45.2,4,2,2687.0,forest,0
45.7,112.8,14.7,38.8,1,0,572.0,barren,0
26.6,26.6,16.2,24.2,0,0,731.0,forest,0
67.3,113.1,10.4,38.2,0,0,1131.0,forest,0
75.3,177.5,25.2,40.0,3,1,1727.0,forest,0
71.9,160.4,19.3,48.1,0,2,633.0,shrubland,0
28.6,78.3,36.6,34.1,4,1,2430.0,shrubland,0
88.9,172.7,25.2,54.5,1,5,1880.0,shrubland,1
101.0,208.3,20.9,50.9,0,1,1702.0,barren,0
27.4,53.7,10.3,26.3,1,1,797.0,forest,0
11.4,29.8,19.6,30.7,1,0,1008.0,shrubland,0
21.6,43.6,15.5,21.8,1,2,785.0,shrubland,0
19.2,38.1,35.8,33.0,5,0,2445.0,settlement,0
133.3,315.0,25.8,73.7,2,2,1802.0,forest,1
68.8,124.4,34.1,46.8,2,2,2164.0,forest,1
20.4,40.2,18.3,29.4,0,0,1110.0,shrubland,0
2.0,2.0,24.7,17.4,1,0,1291.0,agriculture,0
129.5,238.8,26.1,55.8,0,2,1372.0,settlement,1
28.6,80.6,24.2,34.9,0,0,2224.0,agriculture,0
76.5,180.7,18.0,43.2,0,0,2254.0,settlement,1
29.0,35.6,25.5,35.0,2,0,896.0,shrubland,0
1.1,12.7,35.7,25.8,3,1,2660.0,forest,0
92.9,188.3,2.1,42.9,0,0,690.0,forest,0
22.8,33.8,28.2,38.4,1,0,2551.0,forest,0
71.1,156.2,17.8,44.3,0,1,641.0,forest,0
2.6,10.7,15.1,15.0,3,0,1035.0,shrubland,0
61.0,104.9,28.3,29.7,2,0,2432.0,shrubland,0
48.7,113.9,23.9,47.5,2,0,831.0,agriculture,0
65.8,155.4,13.9,56.5,1,0,1393.0,shrubland,0
7.2,9.7,16.4,29.5,0,0,1480.0,agriculture,0
89.1,143.6,17.8,51.0,0,1,989.0,agriculture,0
147.9,233.2,30.7,62.5,2,0,2105.0,forest,0
27.3,50.5,34.9,31.1,7,3,2443.0,shrubland,0
22.3,40.4,38.2,27.9,2,1,2499.0,agriculture,0
125.0,240.6,20.1,59.5,1,3,1214.0,agriculture,1
14.1,27.6,26.8,29.5,3,0,1674.0,forest,1
66.7,132.5,14.8,35.1,0,1,996.0,forest,0
65.0,150.0,16.8,47.9,1,1,988.0,agriculture,1
18.5,35.7,15.0,36.5,0,0,787.0,agriculture,0
68.8,141.3,35.4,38.9,3,3,2656.0,forest,0
66.9,138.5,37.7,37.6,1,2,2531.0,shrubland,0
24.0,54.7,33.5,31.3,4,1,2266.0,barren,1
188.2,259.2,23.6,53.6,1,0,1642.0,forest,0
7.3,13.9,17.3,13.8,0,0,1577.0,settlement,0
15.8,15.8,24.0,30.9,1,0,1671.0,forest,0
105.2,220.1,23.6,49.3,1,0,1688.0,shrubland,0
1.1,14.1,22.4,22.8,3,1,1443.0,shrubland,0
179.4,500.0,27.9,88.6,3,4,716.0,forest,1
16.5,16.5,10.0,32.7,0,1,702.0,barren,0
81.1,133.9,37.0,45.2,2,1,2685.0,shrubland,0
2.6,2.6,29.3,18.9,4,0,1557.0,barren,1
93.0,183.1,34.9,38.2,4,0,2688.0,forest,1
92.8,160.4,29.5,41.1,1,4,793.0,barren,1
163.8,345.8,21.8,74.8,0,0,1731.0,barren,1
99.6,259.4,17.6,59.9,0,0,899.0,shrubland,0
50.6,98.2,11.4,36.3,1,1,1008.0,forest,0
70.9,162.4,8.7,46.5,1,0,472.0,agriculture,1
68.9,174.8,14.8,51.8,1,0,685.0,shrubland,1
150.8,373.5,38.9,73.5,3,4,2600.0,barren,1
30.3,40.6,20.4,29.8,1,0,1172.0,shrubland,0
203.2,251.4,33.8,49.5,2,2,1860.0,forest,0
24.6,46.3,21.3,45.3,1,1,1516.0,forest,1
46.7,142.3,18.2,39.6,2,0,1361.0,agriculture,0
89.0,192.1,41.2,48.8,5,0,1677.0,barren,0
3.4,8.8,17.5,26.2,0,0,849.0,forest,0
23.2,42.4,30.5,23.4,1,0,2773.0,agriculture,0
165.1,380.3,26.4,75.6,2,6,2364.0,barren,1
77.8,146.3,22.8,41.8,2,0,2180.0,forest,0
27.2,49.5,28.1,21.1,2,0,1525.0,forest,0
19.8,40.7,11.7,30.3,0,1,767.0,agriculture,0
11.9,50.0,34.3,15.7,3,0,2610.0,agriculture,0
78.3,197.4,18.4,61.8,0,2,1219.0,forest,0
227.4,500.0,16.2,99.0,0,3,520.0,settlement,1
130.0,256.5,13.4,62.9,0,2,1222.0,shrubland,0
64.4,105.8,23.3,23.8,3,4,2307.0,barren,0
87.9,202.4,27.4,44.2,4,1,1895.0,barren,1
21.8,48.9,33.1,36.8,2,4,2202.0,settlement,0
148.7,304.8,32.4,93.3,2,1,2305.0,shrubland,1
24.9,47.7,10.3,36.7,1,0,909.0,forest,0
1.9,1.9,38.0,27.3,5,1,2617.0,shrubland,0
224.7,500.0,16.4,97.2,1,6,1451.0,forest,1
152.9,263.6,23.0,52.9,0,0,1934.0,agriculture,1
2.2,10.5,4.1,30.2,1,0,406.0,forest,0
30.4,43.9,43.8,18.0,5,4,2784.0,shrubland,1
76.7,208.5,21.4,42.5,5,1,1074.0,forest,0
15.7,43.9,15.7,18.5,1,0,549.0,forest,0
23.8,50.5,29.9,34.4,0,1,1500.0,forest,0
9.0,26.3,31.8,23.5,0,1,710.0,agriculture,0
31.8,55.2,2.9,30.5,0,0,766.0,settlement,0
31.8,52.0,21.4,28.1,0,0,1917.0,forest,0
66.0,172.6,16.1,38.2,0,0,1343.0,settlement,0
20.9,20.9,28.0,18.7,1,0,2612.0,barren,0
200.8,265.8,11.3,55.5,1,1,1166.0,shrubland,0
51.9,104.3,26.6,25.7,2,0,2143.0,agriculture,0
219.3,363.2,14.0,70.3,0,2,1507.0,shrubland,1
11.0,25.3,29.1,16.4,1,0,1984.0,forest,0
63.9,165.4,25.7,48.5,1,2,1839.0,shrubland,1
189.2,286.2,25.3,66.6,2,0,1535.0,forest,0
7.4,7.8,37.5,11.8,7,3,2680.0,barren,0
15.8,37.3,22.8,24.0,1,0,1223.0,barren,0
23.8,67.4,12.3,44.0,0,0,825.0,settlement,0
20.1,54.5,41.1,20.6,1,0,2027.0,agriculture,0
44.9,69.7,33.1,33.1,1,1,2430.0,shrubland,1
10.0,10.0,2.0,24.1,0,0,497.0,barren,0
19.6,19.6,15.1,31.6,1,1,1479.0,forest,0
40.8,93.2,21.4,36.3,1,1,2542.0,forest,1
2.9,2.9,29.3,17.6,1,0,2199.0,agriculture,1
26.2,65.9,34.5,30.0,6,2,2780.0,forest,1
78.0,191.0,20.6,49.0,1,1,1675.0,forest,0
14.2,21.1,40.0,22.0,4,2,1984.0,forest,0
6.0,6.0,21.4,12.3,0,0,1126.0,agriculture,0
11.3,36.0,38.9,33.6,3,1,2674.0,forest,0
10.0,12.9,13.4,30.5,0,0,1279.0,forest,0
35.5,69.1,22.4,23.4,0,0,2172.0,forest,0
17.0,20.1,20.6,21.6,1,0,1368.0,shrubland,0
13.9,33.2,25.5,23.7,3,0,1748.0,barren,0
117.6,206.9,16.3,42.9,1,1,2127.0,forest,0
115.9,253.0,21.9,44.3,1,2,1621.0,agriculture,0
6.6,26.0,33.2,19.1,5,0,2577.0,agriculture,0
3.0,5.0,19.4,19.1,0,0,1406.0,forest,0
49.0,99.7,21.3,25.1,0,0,1953.0,settlement,0
148.3,380.3,15.4,77.5,1,3,1222.0,agriculture,1
113.7,165.8,19.4,53.0,2,0,1380.0,shrubland,1
0.7,0.7,21.9,26.7,3,1,1456.0,forest,0
7.5,7.5,17.3,21.2,1,1,702.0,forest,0
1.3,1.3,19.6,8.1,1,0,620.0,barren,0
122.1,170.7,25.2,50.2,1,2,2002.0,settlement,0
198.5,309.4,23.8,66.5,1,2,1973.0,barren,1
15.4,31.3,29.8,27.7,0,0,1991.0,barren,0
68.0,164.8,14.7,58.6,0,0,447.0,forest,0
7.6,7.6,15.6,16.4,1,1,1184.0,settlement,0
41.1,88.4,20.3,13.5,0,0,875.0,shrubland,0
106.3,132.4,36.2,31.7,5,1,2268.0,settlement,0
47.8,89.6,40.3,36.0,5,2,2466.0,forest,0
22.0,31.0,28.0,25.0,2,1,992.0,forest,0
54.5,136.6,21.5,32.0,2,2,2003.0,agriculture,1
10.0,24.8,13.6,14.8,0,0,710.0,settlement,0
221.1,361.2,17.2,70.9,2,1,1060.0,agriculture,1
21.5,46.3,13.1,19.2,1,0,733.0,forest,0
193.7,392.9,13.2,81.8,0,2,1080.0,forest,1
5.9,12.7,17.6,19.9,1,0,2019.0,barren,0
19.1,40.0,33.8,21.4,4,0,2585.0,shrubland,1
8.7,9.6,10.3,17.5,0,0,886.0,shrubland,0
3.6,3.6,24.5,22.9,1,0,1701.0,shrubland,0
4.6,17.7,22.8,23.5,0,0,2083.0,shrubland,0
81.8,151.1,27.1,43.7,2,2,2687.0,shrubland,1
14.3,50.6,27.1,29.0,1,1,1864.0,shrubland,1
18.2,53.7,17.6,28.2,1,0,1012.0,settlement,0
5.3,18.0,29.8,15.6,1,2,1901.0,barren,0
21.4,31.3,32.5,19.5,1,0,1169.0,barren,0
138.4,331.8,36.7,65.1,2,1,2743.0,agriculture,0
158.8,426.8,23.5,96.9,1,4,1359.0,shrubland,1
6.7,43.3,20.5,17.6,1,1,2045.0,agriculture,0
81.7,224.1,2.4,51.4,1,0,456.0,settlement,0
43.5,103.9,30.6,35.9,2,3,1360.0,agriculture,0
109.3,260.1,26.3,56.0,5,3,2500.0,agriculture,1
1.3,1.3,18.8,28.6,1,0,1865.0,agriculture,0
7.8,14.1,21.2,20.6,4,1,1465.0,agriculture,0
47.7,99.6,33.3,32.8,3,1,2646.0,agriculture,0
142.2,381.4,25.9,81.5,0,2,2450.0,forest,1
51.3,145.6,16.4,54.8,1,1,1173.0,shrubland,0
61.2,117.2,32.0,46.9,4,2,1707.0,agriculture,1
17.7,40.8,17.3,25.9,0,1,1576.0,forest,0
84.4,210.4,17.1,51.1,0,0,1917.0,settlement,0
96.2,188.6,24.8,48.2,1,0,1202.0,agriculture,1
0.8,21.1,19.6,24.9,1,0,986.0,forest,0
47.1,65.4,29.2,23.8,1,1,2590.0,settlement,1
3.5,16.5,23.3,29.6,1,1,2617.0,agriculture,0
51.8,78.5,26.7,33.2,1,1,2424.0,agriculture,0
45.3,124.4,34.6,37.7,2,0,2748.0,shrubland,0
30.7,47.6,36.6,17.8,3,1,2188.0,settlement,0
190.1,421.6,22.8,82.2,1,2,2235.0,shrubland,1
46.6,90.6,28.9,20.1,2,2,2230.0,agriculture,1
4.2,29.8,26.7,20.6,3,1,1553.0,forest,0
23.9,39.4,6.3,23.4,0,1,1495.0,agriculture,0
13.9,42.9,23.0,28.9,2,1,977.0,agriculture,0
26.4,74.1,18.8,44.8,1,3,1948.0,agriculture,0
19.1,35.1,19.7,29.9,0,0,1094.0,shrubland,0
66.9,109.5,18.3,46.9,2,0,1019.0,settlement,0
8.8,20.8,32.1,27.6,5,1,1806.0,agriculture,0
4.0,4.0,24.1,29.0,2,1,1384.0,forest,0
92.3,194.1,2.0,63.0,0,2,925.0,barren,0
3.1,13.1,25.7,17.2,4,4,2359.0,agriculture,1
74.1,116.4,32.8,31.3,1,0,2465.0,barren,0
136.6,328.1,13.2,73.5,0,0,802.0,barren,0
82.4,125.4,13.5,39.3,0,1,418.0,barren,1
17.8,71.8,23.8,32.5,2,0,1207.0,agriculture,0
23.9,38.8,34.3,23.8,2,0,2314.0,agriculture,0
74.9,141.1,30.0,36.5,1,1,2414.0,forest,0
44.9,74.6,2.0,44.0,0,1,732.0,shrubland,0
8.8,8.8,26.8,14.0,2,0,2258.0,settlement,0
55.9,141.2,15.8,46.3,0,0,678.0,shrubland,0
30.4,74.3,13.0,35.7,1,0,1336.0,barren,0
22.4,38.8,39.5,14.2,3,0,2797.0,forest,0
86.4,176.5,21.0,40.5,2,3,862.0,shrubland,1
16.8,37.0,14.9,21.8,1,1,770.0,shrubland,0
5.1,25.9,2.0,29.6,0,1,1415.0,shrubland,0
189.4,391.0,17.6,75.1,2,3,1887.0,forest,1
24.5,28.2,46.0,22.7,8,1,2639.0,forest,0
85.3,214.3,31.4,41.0,2,1,2754.0,settlement,0
1.4,8.3,2.0,39.4,0,0,567.0,shrubland,0
29.8,51.5,21.7,28.7,0,0,731.0,forest,0
181.4,379.2,30.3,78.7,0,1,2298.0,forest,1
9.3,9.3,24.2,18.1,2,1,1050.0,shrubland,0
7.5,15.7,34.4,17.7,0,0,2524.0,forest,0
123.7,323.3,30.0,80.5,1,2,1992.0,agriculture,1
74.0,118.8,15.4,24.9,1,1,668.0,settlement,0
38.8,109.7,35.8,37.7,1,0,2398.0,forest,0
11.8,21.1,29.5,14.8,0,0,823.0,agriculture,1
19.7,61.2,27.2,26.4,3,1,1416.0,forest,0
40.2,61.6,13.9,25.6,0,1,1725.0,forest,0
20.8,42.9,25.8,19.8,0,0,1602.0,barren,0
17.8,52.5,35.0,27.8,5,3,2047.0,shrubland,0
79.8,161.1,34.5,25.3,1,0,1966.0,barren,0
24.5,43.2,32.5,24.1,4,1,2781.0,forest,0
1.1,1.1,43.0,18.9,5,0,2799.0,forest,0
7.9,14.6,29.3,12.8,0,0,1640.0,shrubland,0
52.1,104.8,29.3,46.0,1,1,628.0,shrubland,0
79.6,194.9,23.7,44.7,1,0,2147.0,barren,0
98.1,194.8,31.6,46.7,1,0,2744.0,forest,1
19.6,50.2,16.3,24.2,0,0,1164.0,settlement,0
10.4,10.4,18.7,21.8,0,0,1507.0,barren,0
77.8,115.2,15.2,47.0,0,0,1419.0,shrubland,0
13.7,47.1,2.0,46.0,0,1,523.0,shrubland,0
67.6,87.0,24.4,38.4,2,1,2013.0,shrubland,0
165.9,247.7,21.5,64.2,3,4,1248.0,forest,1
78.4,99.3,26.9,46.8,1,1,2290.0,settlement,0
16.4,21.4,43.8,24.2,3,0,2397.0,shrubland,0
110.6,245.7,31.0,66.8,1,0,2371.0,barren,1
20.0,25.1,29.1,29.4,1,0,1400.0,agriculture,0
116.7,260.6,20.0,59.6,1,1,1172.0,shrubland,0
68.1,159.1,34.5,45.5,6,3,2197.0,agriculture,1
59.2,86.0,32.3,19.8,1,0,2323.0,shrubland,0
160.4,209.4,31.5,52.5,1,1,1579.0,barren,1
81.9,190.5,33.1,36.8,1,3,2543.0,forest,0
90.6,209.3,17.1,39.9,0,1,745.0,barren,1
7.2,7.2,34.8,22.3,7,2,2510.0,settlement,1
76.7,110.5,10.8,29.6,0,0,631.0,barren,0
42.8,92.8,16.7,34.4,1,1,768.0,shrubland,0
18.6,32.7,38.2,25.4,2,0,1681.0,settlement,1
31.4,72.0,10.2,33.1,0,0,562.0,forest,0
62.7,101.6,14.3,29.6,1,1,527.0,settlement,0
1.4,1.4,18.4,27.4,0,0,401.0,forest,0
16.1,19.2,28.6,22.4,0,0,1447.0,forest,0
72.2,177.5,29.9,49.0,1,2,2259.0,shrubland,1
29.1,33.3,2.0,18.3,0,0,484.0,forest,0
6.6,16.0,30.0,21.3,1,0,1965.0,shrubland,0
37.5,37.8,16.6,34.2,0,0,2376.0,settlement,1
10.3,16.5,24.0,29.7,1,0,803.0,forest,0
4.8,19.2,15.0,18.3,0,0,752.0,agriculture,0
51.1,63.1,38.5,25.0,2,1,2466.0,forest,0
15.0,44.3,25.1,20.0,0,0,2375.0,settlement,0
171.5,210.2,13.7,47.1,1,0,1693.0,settlement,1
109.6,170.3,32.6,34.9,4,0,2366.0,shrubland,1
53.2,128.5,12.3,38.9,0,2,623.0,agriculture,1
118.2,308.6,17.0,70.2,0,1,1347.0,barren,0
147.1,353.1,29.4,65.9,3,3,2171.0,settlement,1
1.3,10.3,34.7,20.8,2,1,1018.0,shrubland,0
51.1,116.9,34.6,35.3,3,1,2206.0,shrubland,1
28.5,59.3,29.8,36.2,1,0,1610.0,settlement,0
72.8,104.2,34.7,30.7,4,2,2201.0,forest,0
64.2,150.3,31.6,37.9,2,0,1515.0,settlement,1
20.6,20.6,18.3,18.0,0,0,1283.0,forest,0
28.9,69.1,2.4,23.9,0,0,926.0,settlement,0
189.7,431.2,14.2,87.4,1,5,900.0,forest,1
17.2,40.4,34.5,24.8,4,4,2204.0,forest,0
11.3,20.5,6.9,24.9,0,0,685.0,barren,0
17.4,28.4,11.2,34.4,0,1,606.0,barren,0
87.5,163.0,10.2,54.4,0,2,823.0,barren,1
227.7,500.0,24.4,81.5,2,2,821.0,barren,1
75.0,147.7,35.9,45.8,1,2,2375.0,shrubland,1
54.3,129.3,24.5,40.9,4,1,1356.0,forest,1
3.6,21.4,39.3,19.5,6,2,2777.0,forest,0
17.1,46.8,13.4,30.3,1,0,729.0,shrubland,0
93.8,163.4,28.0,31.9,3,1,1968.0,forest,1
220.9,331.4,13.8,79.5,2,2,1477.0,barren,1
56.2,143.3,5.9,46.0,1,3,1343.0,forest,0
19.7,40.2,33.3,19.8,5,0,2500.0,forest,0
32.6,45.3,37.0,22.3,3,1,2741.0,forest,0
41.3,116.3,40.1,24.5,2,0,2495.0,forest,0
70.5,143.3,25.3,39.1,2,1,862.0,forest,1
63.4,173.1,26.0,42.2,2,0,930.0,agriculture,1
81.2,176.4,20.3,37.1,0,1,1975.0,forest,0
72.8,149.7,15.2,48.2,0,0,1094.0,agriculture,0
134.7,223.0,31.9,61.4,3,0,2163.0,barren,0
